post,field,published,recomputed,reason
2026-05-04,demand_mean_mw,3633.0,3631.0,"pre-UTC-join misalignment, fixed 2026-10-05"
2026-05-05,demand_mean_mw,3940.0,3937.0,"pre-UTC-join misalignment, fixed 2026-10-05"
2026-05-09,demand_mean_mw,3503.0,3510.0,"pre-UTC-join misalignment, fixed 2026-10-05"
2026-05-09,wind_pct_mean,56.7,55.4,"pre-UTC-join misalignment, fixed 2026-10-05"
2026-05-10,demand_mean_mw,3444.0,3449.0,"pre-UTC-join misalignment, fixed 2026-10-05"
2026-05-10,wind_pct_mean,42.6,44.3,"pre-UTC-join misalignment, fixed 2026-10-05"
2026-05-11,demand_mean_mw,3810.0,3800.0,"pre-UTC-join misalignment, fixed 2026-10-05"
2026-05-12,demand_mean_mw,3767.0,3771.0,"pre-UTC-join misalignment, fixed 2026-10-05"
2026-05-12,wind_pct_mean,47.4,45.7,"pre-UTC-join misalignment, fixed 2026-10-05"
2026-05-13,demand_mean_mw,3792.0,3786.0,"pre-UTC-join misalignment, fixed 2026-10-05"
2026-05-14,wind_pct_mean,52.8,53.9,"pre-UTC-join misalignment, fixed 2026-10-05"
2026-05-15,demand_mean_mw,3983.0,3981.0,"pre-UTC-join misalignment, fixed 2026-10-05"
2026-05-15,wind_pct_mean,15.8,17.0,"pre-UTC-join misalignment, fixed 2026-10-05"
2026-05-16,demand_mean_mw,3688.0,3699.0,"pre-UTC-join misalignment, fixed 2026-10-05"
2026-05-16,wind_pct_mean,31.2,30.0,"pre-UTC-join misalignment, fixed 2026-10-05"
2026-05-17,demand_mean_mw,3634.0,3631.0,"pre-UTC-join misalignment, fixed 2026-10-05"
2026-05-18,demand_mean_mw,4036.0,4031.0,"pre-UTC-join misalignment, fixed 2026-10-05"
2026-05-18,wind_pct_mean,25.0,23.7,"pre-UTC-join misalignment, fixed 2026-10-05"
2026-05-21,demand_mean_mw,3981.0,3984.0,"pre-UTC-join misalignment, fixed 2026-10-05"
2026-05-22,demand_mean_mw,3890.0,3888.0,"pre-UTC-join misalignment, fixed 2026-10-05"
2026-05-23,demand_mean_mw,3511.0,3519.0,"pre-UTC-join misalignment, fixed 2026-10-05"
2026-05-24,wind_pct_mean,16.4,17.5,"pre-UTC-join misalignment, fixed 2026-10-05"
2026-05-25,demand_mean_mw,3706.0,3700.0,"pre-UTC-join misalignment, fixed 2026-10-05"
2026-05-26,demand_mean_mw,3789.0,3786.0,"pre-UTC-join misalignment, fixed 2026-10-05"
2026-05-28,demand_mean_mw,3854.0,3856.0,"pre-UTC-join misalignment, fixed 2026-10-05"
2026-05-29,wind_pct_mean,39.4,40.7,"pre-UTC-join misalignment, fixed 2026-10-05"
2026-05-30,demand_mean_mw,3567.0,3576.0,"pre-UTC-join misalignment, fixed 2026-10-05"
2026-05-31,demand_mean_mw,3430.0,3434.0,"pre-UTC-join misalignment, fixed 2026-10-05"
2026-06-01,demand_mean_mw,3553.0,3547.0,"pre-UTC-join misalignment, fixed 2026-10-05"
2026-06-01,wind_pct_mean,36.1,37.7,"pre-UTC-join misalignment, fixed 2026-10-05"
2026-06-02,demand_mean_mw,3775.0,3769.0,"pre-UTC-join misalignment, fixed 2026-10-05"
2026-06-03,wind_pct_mean,54.7,53.0,"pre-UTC-join misalignment, fixed 2026-10-05"
2026-06-05,wind_pct_mean,39.1,38.0,"pre-UTC-join misalignment, fixed 2026-10-05"
2026-06-06,demand_mean_mw,3608.0,3616.0,"pre-UTC-join misalignment, fixed 2026-10-05"
2026-06-08,demand_mean_mw,3682.0,3676.0,"pre-UTC-join misalignment, fixed 2026-10-05"
2026-06-09,demand_mean_mw,3681.0,3679.0,"pre-UTC-join misalignment, fixed 2026-10-05"
2026-06-09,wind_pct_mean,47.8,49.0,"pre-UTC-join misalignment, fixed 2026-10-05"
2026-06-12,demand_mean_mw,3700.0,3703.0,"pre-UTC-join misalignment, fixed 2026-10-05"
2026-06-13,demand_mean_mw,3453.0,3458.0,"pre-UTC-join misalignment, fixed 2026-10-05"
2026-06-13,wind_pct_mean,24.4,26.0,"pre-UTC-join misalignment, fixed 2026-10-05"
2026-06-14,demand_mean_mw,3365.0,3367.0,"pre-UTC-join misalignment, fixed 2026-10-05"
2026-06-14,wind_pct_mean,21.7,20.3,"pre-UTC-join misalignment, fixed 2026-10-05"
2026-06-15,demand_mean_mw,3777.0,3765.0,"pre-UTC-join misalignment, fixed 2026-10-05"
2026-06-15,wind_pct_mean,13.5,14.8,"pre-UTC-join misalignment, fixed 2026-10-05"
2026-06-16,demand_mean_mw,3887.0,3891.0,"pre-UTC-join misalignment, fixed 2026-10-05"
2026-06-20,demand_mean_mw,3474.0,3481.0,"pre-UTC-join misalignment, fixed 2026-10-05"
2026-06-21,demand_mean_mw,3316.0,3320.0,"pre-UTC-join misalignment, fixed 2026-10-05"
2026-06-22,demand_mean_mw,3802.0,3789.0,"pre-UTC-join misalignment, fixed 2026-10-05"
2026-06-23,demand_mean_mw,3858.0,3854.0,"pre-UTC-join misalignment, fixed 2026-10-05"
2026-06-24,demand_mean_mw,3909.0,3914.0,"pre-UTC-join misalignment, fixed 2026-10-05"
2026-06-25,demand_mean_mw,3889.0,3883.0,"pre-UTC-join misalignment, fixed 2026-10-05"
2026-06-26,demand_mean_mw,3927.0,3937.0,"pre-UTC-join misalignment, fixed 2026-10-05"
2026-06-26,wind_pct_mean,26.4,24.8,"pre-UTC-join misalignment, fixed 2026-10-05"
2026-06-27,demand_mean_mw,3637.0,3645.0,"pre-UTC-join misalignment, fixed 2026-10-05"
2026-06-28,demand_mean_mw,3302.0,3306.0,"pre-UTC-join misalignment, fixed 2026-10-05"
2026-06-29,demand_mean_mw,3794.0,3785.0,"pre-UTC-join misalignment, fixed 2026-10-05"
2026-06-30,demand_mean_mw,3817.0,3813.0,"pre-UTC-join misalignment, fixed 2026-10-05"
2026-07-01,demand_mean_mw,3903.0,3901.0,"pre-UTC-join misalignment, fixed 2026-10-05"
2026-07-01,wind_pct_mean,36.1,34.7,"pre-UTC-join misalignment, fixed 2026-10-05"
2026-07-02,wind_pct_mean,28.0,30.2,"pre-UTC-join misalignment, fixed 2026-10-05"
2026-07-03,demand_mean_mw,3776.0,3781.0,"pre-UTC-join misalignment, fixed 2026-10-05"
2026-07-03,wind_pct_mean,25.4,24.2,"pre-UTC-join misalignment, fixed 2026-10-05"
2026-07-04,demand_mean_mw,3537.0,3544.0,"pre-UTC-join misalignment, fixed 2026-10-05"
2026-07-05,demand_mean_mw,3447.0,3443.0,"pre-UTC-join misalignment, fixed 2026-10-05"
2026-07-06,demand_mean_mw,3728.0,3721.0,"pre-UTC-join misalignment, fixed 2026-10-05"
2026-07-07,demand_mean_mw,3770.0,3765.0,"pre-UTC-join misalignment, fixed 2026-10-05"
2026-07-07,wind_pct_mean,16.3,17.4,"pre-UTC-join misalignment, fixed 2026-10-05"
2026-07-10,demand_mean_mw,3824.0,3828.0,"pre-UTC-join misalignment, fixed 2026-10-05"
2026-07-10,wind_pct_mean,8.6,7.5,"pre-UTC-join misalignment, fixed 2026-10-05"
2026-07-11,demand_mean_mw,3510.0,3516.0,"pre-UTC-join misalignment, fixed 2026-10-05"
2026-07-12,demand_mean_mw,3348.0,3354.0,"pre-UTC-join misalignment, fixed 2026-10-05"
2026-07-13,demand_mean_mw,3653.0,3645.0,"pre-UTC-join misalignment, fixed 2026-10-05"
2026-07-14,demand_mean_mw,3714.0,3712.0,"pre-UTC-join misalignment, fixed 2026-10-05"
2026-07-15,demand_mean_mw,3810.0,3806.0,"pre-UTC-join misalignment, fixed 2026-10-05"
2026-07-17,demand_mean_mw,3758.0,3761.0,"pre-UTC-join misalignment, fixed 2026-10-05"
2026-07-18,demand_mean_mw,3410.0,3420.0,"pre-UTC-join misalignment, fixed 2026-10-05"
2026-07-20,demand_mean_mw,3711.0,3702.0,"pre-UTC-join misalignment, fixed 2026-10-05"
2026-07-21,demand_mean_mw,3825.0,3827.0,"pre-UTC-join misalignment, fixed 2026-10-05"
2026-07-22,demand_mean_mw,3724.0,3722.0,"pre-UTC-join misalignment, fixed 2026-10-05"
2026-07-24,demand_mean_mw,3749.0,3752.0,"pre-UTC-join misalignment, fixed 2026-10-05"
2026-07-25,demand_mean_mw,3576.0,3579.0,"pre-UTC-join misalignment, fixed 2026-10-05"
2026-07-25,wind_pct_mean,37.5,36.2,"pre-UTC-join misalignment, fixed 2026-10-05"
2026-07-26,demand_mean_mw,3404.0,3409.0,"pre-UTC-join misalignment, fixed 2026-10-05"
2026-07-26,wind_pct_mean,52.8,54.0,"pre-UTC-join misalignment, fixed 2026-10-05"
2026-07-27,demand_mean_mw,3884.0,3873.0,"pre-UTC-join misalignment, fixed 2026-10-05"
2026-07-28,demand_mean_mw,3877.0,3875.0,"pre-UTC-join misalignment, fixed 2026-10-05"
2026-07-29,demand_mean_mw,3942.0,3944.0,"pre-UTC-join misalignment, fixed 2026-10-05"
2026-07-30,demand_mean_mw,3728.0,3730.0,"pre-UTC-join misalignment, fixed 2026-10-05"
2026-08-01,demand_mean_mw,3481.0,3486.0,"pre-UTC-join misalignment, fixed 2026-10-05"
2026-08-02,demand_mean_mw,3466.0,3470.0,"pre-UTC-join misalignment, fixed 2026-10-05"
2026-08-02,wind_pct_mean,13.9,12.8,"pre-UTC-join misalignment, fixed 2026-10-05"
2026-08-07,demand_mean_mw,3699.0,3697.0,"pre-UTC-join misalignment, fixed 2026-10-05"
2026-08-08,demand_mean_mw,3529.0,3535.0,"pre-UTC-join misalignment, fixed 2026-10-05"
2026-08-09,demand_mean_mw,3511.0,3513.0,"pre-UTC-join misalignment, fixed 2026-10-05"
2026-08-11,demand_mean_mw,3781.0,3776.0,"pre-UTC-join misalignment, fixed 2026-10-05"
2026-08-12,demand_mean_mw,3952.0,3945.0,"pre-UTC-join misalignment, fixed 2026-10-05"
2026-08-14,demand_mean_mw,3961.0,3968.0,"pre-UTC-join misalignment, fixed 2026-10-05"
2026-08-15,demand_mean_mw,3634.0,3641.0,"pre-UTC-join misalignment, fixed 2026-10-05"
2026-08-17,demand_mean_mw,3920.0,3913.0,"pre-UTC-join misalignment, fixed 2026-10-05"
2026-08-17,wind_pct_mean,23.7,22.5,"pre-UTC-join misalignment, fixed 2026-10-05"
2026-08-18,wind_pct_mean,32.4,33.5,"pre-UTC-join misalignment, fixed 2026-10-05"
2026-08-19,demand_mean_mw,3868.0,3870.0,"pre-UTC-join misalignment, fixed 2026-10-05"
2026-08-22,demand_mean_mw,3636.0,3640.0,"pre-UTC-join misalignment, fixed 2026-10-05"
2026-08-23,demand_mean_mw,3537.0,3540.0,"pre-UTC-join misalignment, fixed 2026-10-05"
2026-08-24,demand_mean_mw,3777.0,3770.0,"pre-UTC-join misalignment, fixed 2026-10-05"
2026-08-25,demand_mean_mw,4029.0,4024.0,"pre-UTC-join misalignment, fixed 2026-10-05"
2026-08-27,demand_mean_mw,4163.0,4160.0,"pre-UTC-join misalignment, fixed 2026-10-05"
2026-08-29,demand_mean_mw,3833.0,3842.0,"pre-UTC-join misalignment, fixed 2026-10-05"
2026-08-30,demand_mean_mw,3651.0,3656.0,"pre-UTC-join misalignment, fixed 2026-10-05"
2026-08-30,wind_pct_mean,16.4,15.1,"pre-UTC-join misalignment, fixed 2026-10-05"
2026-09-01,demand_mean_mw,3992.0,3987.0,"pre-UTC-join misalignment, fixed 2026-10-05"
2026-09-05,demand_mean_mw,3763.0,3769.0,"pre-UTC-join misalignment, fixed 2026-10-05"
2026-09-07,demand_mean_mw,3999.0,3996.0,"pre-UTC-join misalignment, fixed 2026-10-05"
2026-09-11,wind_pct_mean,23.1,21.7,"pre-UTC-join misalignment, fixed 2026-10-05"
2026-09-12,demand_mean_mw,3826.0,3831.0,"pre-UTC-join misalignment, fixed 2026-10-05"
2026-09-12,wind_pct_mean,39.8,42.2,"pre-UTC-join misalignment, fixed 2026-10-05"
2026-09-13,demand_mean_mw,3748.0,3750.0,"pre-UTC-join misalignment, fixed 2026-10-05"
2026-09-14,demand_mean_mw,4068.0,4061.0,"pre-UTC-join misalignment, fixed 2026-10-05"
2026-09-14,wind_pct_mean,32.2,30.6,"pre-UTC-join misalignment, fixed 2026-10-05"
2026-09-15,demand_mean_mw,3966.0,3968.0,"pre-UTC-join misalignment, fixed 2026-10-05"
2026-09-18,demand_mean_mw,4179.0,4175.0,"pre-UTC-join misalignment, fixed 2026-10-05"
2026-09-19,demand_mean_mw,3804.0,3814.0,"pre-UTC-join misalignment, fixed 2026-10-05"
2026-09-20,demand_mean_mw,3641.0,3644.0,"pre-UTC-join misalignment, fixed 2026-10-05"
2026-09-21,demand_mean_mw,4019.0,4009.0,"pre-UTC-join misalignment, fixed 2026-10-05"
2026-09-22,demand_mean_mw,4162.0,4159.0,"pre-UTC-join misalignment, fixed 2026-10-05"
2026-09-23,demand_mean_mw,4023.0,4027.0,"pre-UTC-join misalignment, fixed 2026-10-05"
2026-09-23,wind_pct_mean,10.9,9.8,"pre-UTC-join misalignment, fixed 2026-10-05"
2026-09-24,demand_mean_mw,4117.0,4113.0,"pre-UTC-join misalignment, fixed 2026-10-05"
2026-09-26,demand_mean_mw,3743.0,3752.0,"pre-UTC-join misalignment, fixed 2026-10-05"
2026-09-27,wind_pct_mean,40.0,41.6,"pre-UTC-join misalignment, fixed 2026-10-05"
2026-09-28,demand_mean_mw,3948.0,3940.0,"pre-UTC-join misalignment, fixed 2026-10-05"
2026-09-28,wind_pct_mean,32.0,30.1,"pre-UTC-join misalignment, fixed 2026-10-05"
